month,actual,target,achievement
JUL,1400,1500,0.9333333333333333
AUG,1600,1600,1.0
SEP,1700,1600,1.0625
OCT,1500,1600,0.9375
NOV,1100,1500,0.7333333333333333
DEC,900,1500,0.6
JAN,1400,1600,0.875
FEB,1500,1600,0.9375
MAR,1700,1800,0.9444444444444444
APR,1400,1500,0.9333333333333333
MAY,2400,1800,1.3333333333333333
JUN,1200,1500,0.8
